Mutation,PDBMutation,UniprotAnnotation,ClinVarAnnotation,InpdrAnnotation,FinalAnnotation,mutantAF (nuc/aa),wild-typeAF (nuc/aa),Source,rsid
R3H,/,NA,U,N,N,0.000939 (A/H),0.999061 (G/R),ALFA,rs199836262
R9L,/,NA,NA,N,N,0.00000 (T/L),1.00000 (G/R),ALFA,rs373013062
R14G,/,NA,NA,N,N,UN,UN,/,rs11544727
Q19R,/,NA,U,N,N,0.00047 (G/R),0.99953 (A/Q),ALFA,rs144465428
Q21X,/,NA,NA,D,D,UN,UN,/,/
G20R,/,NA,U,N,N,0.00007 (A/R),0.99993 (G/G),ALFA,rs538153468
P28L,/,NA,U,NA,U,0.00000 (T/L),1.00000 (C/P),ALFA,rs556155962
L30F,/,NA,NA,U,U,0.00006 (T/F),0.99994 (C/L),ALFA,rs376159116
W32X,/,NA,NA,D,D,UN,UN,/,/
M33I,/,NA,N,N,N,0.000316 (A/I),0.999684 (G/M),ALFA,rs142178073
L35V,/,NA,U,N,N,0.00009 (G/V),0.99991 (C/L),ALFA,rs201367689
V36A,/,N,N,N,N,0.50300 (C/A),0.49700 (T/V),ALFA,rs1050228
V36L,/,NA,NA,N,N,0.00000 (T/L),1.00000 (G/V),ALFA,rs141685473
A38V,/,NA,U,N,N,0.00000 (T/V),1.00000 (C/A),ALFA,rs71467507
A38E,/,NA,U,NA,U,0.00000 (A/E),1.00000 (C/A),ALFA,rs71467507
A40P,/,NA,U,NA,U,0.00000 (C/P),1.00000 (G/A),ALFA,rs1299899778
A40V,/,NA,NA,N,N,0.00003 (T/V),0.99997 (C/A),ALFA,rs377374691
A42V,/,NA,NA,N,N,0.07261 (T/V),0.92739 (C/A),ALFA,rs200577287
S50P,/,NA,U,NA,U,0.000118 (C/P),0.999882 (T/S) ,ExAC,rs781675416
D51V,/,U,NA,U,U,0.00000 (T/V),1.00000 (A/D),ALFA,rs748589919
P66S,/,NA,NA,N,N,0.00000 (T/S),1.00000 (C/P),ALFA,rs139716279
Q67H,/,NA,NA,N,N,0.0000 (T/H),1.0000 (A/Q),ALFA,rs11544728
A71T,/,NA,U,N,N,0.00007 (A/T),0.99993 (G/A),ALFA,rs375224040
H74P,/,NA,U,NA,U,UN,UN,/,rs1564922040
V77M,/,NA,N,N,N,0.00000 (A/M),1.00000 (G/V),ALFA,rs560531338
R79Q,/,NA,U,N,N,0.00000 (A/Q),1.00000 (G/R),ALFA,rs201647015
G85R,/,NA,N,U,N,0.00000 (A/R),1.00000 (G/G),ALFA,rs368200803
W86X,W84X,NA,NA,D,D,UN,UN,/,/
C91H,C89H,B,NA,D,B,UN,UN,/,/
C94W,C92W,B,NA,D,B,UN,UN,/,/
K95Q,K93Q,NA,U,NA,U,0.00000 (C/Q),1.00000 (A/K),ALFA,rs886044321
I101V,I99V,NA,NA,N,N,0.00000 (G/V),1.00000 (A/I),ALFA,rs369746362
N102S,N100S,NA,U,N,N,0.00000 (G/S),1.00000 (A/N),ALFA,rs373475928
G104R,G102R,NA,NA,U,U,0.00000 (A/R),1.00000 (G/G),ALFA,rs527767942
L105P,L103P,A,D,D,A,0.000 (C/P),1.000 (T/L),ALFA,rs751269562
N110S,N108S,NA,U,NA,U,UN,UN,/,/
R113C,R111C,NA,U,U,U,0.000033 (T/C),0.999967 (C/R),ALFA,rs140202512
R113H,R111H,NA,U,N,N,0.00002 (A/H),0.99996 (G/R),ALFA,rs149770879
V114M,V112M,NA,U,U,U,0.001094 (A/M),0.998906 (G/V),ALFA,rs142215226
G115S,G113S,NA,NA,N,N,0.0002 (A/S),0.9998 (G/G),ALFA,rs199913218
V117M,V115M,NA,U,N,N,0.000038 (A/M),0.999962 (G/V),ALFA,rs202206564
L121P,L119P,NA,U,D,D,UN,UN,/,rs1554934109
I127T,I125T,NA,U,NA,U,UN,UN,/,/
V132M,V130M,NA,U,D,D,0.00000 (A/M),1.00000 (G/V),ALFA,rs189859589
V132A,V130A,B,NA,D,B,UN,UN,/,/
I136V,I134V,NA,NA,N,N,UN,UN,/,rs556385880
L139P,L137P,B,D,D,B,0.00009 (C/P),0.99991 (T/L),ALFA,rs797044797
D143Y,D141Y,NA,U,NA,U,0.00000 (T/Y),1.00000 (G/D),ALFA,rs1564922967
R150C,R148C,NA,U,D,D,0.00006 (T/C),0.99994 (C/R),ALFA,rs143719170
A158T,A156T,NA,NA,D,D,0.00000 (A/T),1.00000 (G/A),ALFA,rs369566518
C159R,C157R,B,D,D,B,0.00017 (C/R),0.99983 (T/C),ALFA,rs727504166
L163P,L161P,B,U,U,B,0.000 (C/P),1.000 (T/L),ALFA,rs780134410
G168R,G166R,D,NA,U,D,UN,UN,/,/
W170X,W168X,NA,NA,D,D,UN,UN,/,/
S175P,S173P,NA,NA,N,N,0.00007 (C/P),0.99993 (T/S),ALFA,rs147607780
W176X,W174X,NA,NA,D,D,UN,UN,/,/
N177Y,N175Y,NA,U,NA,U,0.00000 (T/Y),1.00000 (A/N),ALFA,rs535997620
I178N,I176N,B,U,D,B,0.00009 (A/N),0.99991 (T/I),ALFA,rs749780769
S179F,S177F,NA,U,NA,U,0.00000 (T/F),1.00000 (C/S),ALFA,rs1215635747
P184L,P182L,NA,U,NA,U,0.00014 (T/L),0.99986 (C/P),ALFA,rs760203204
P186L,P184L,D,D,D,D,0.00007 (T/L),0.99993 (C/P),ALFA,rs1057517195
P187T,P185T,NA,U,NA,U,0.000000 (A/T),0.998842 (C/P),ALFA,rs74053349
P187S,P185S,NA,N,N,N,0.001158 (T/S),0.998842 (C/P),ALFA,rs74053349
S192R,S190R,NA,U,NA,U,UN,UN,/,rs1554934265
A198P,A196P,B,D,U,B,0.00000 (C/P),1.00000 (G/A),ALFA,rs797044798
R202C,R200C,B,U,D,B,0.00000 (T/C),1.00000 (C/R),ALFA,rs749595299
L204F,L202F,NA,U,NA,U,UN,UN,/,/
W211R,W209R,A,NA,D,A,UN,UN,/,/
H213P,H211P,NA,NA,N,N,UN,UN,/,/
L216R,L214R,A,NA,N,U,UN,UN,/,/
T219M,T217M,NA,U,NA,U,0.00003 (T/M),0.99997 (C/T),ALFA,rs759439337
C223S,C221S,NA,NA,D,D,UN,UN,/,/
L227M,L225M,B,NA,U,B,UN,UN,/,/
L227P,L225P,B,U,D,B,0.00000 (C/P),1.00000 (T/L),ALFA,rs764317969
C228G,C226G,NA,U,NA,U,UN,UN,/,/
C228R,C226R,A,U,D,A,UN,UN,/,rs1564923612
C229F,C227F,NA,U,NA,U,UN,UN,/,rs1554934342
R230C,R228C,D,D,D,D,0.00000 (T/C),1.00000 (C/R),ALFA,rs98639224
R230H,R228H,D,U,D,D,0.000080 (A/H),0.999920 (G/R),ALFA,rs141387770
S233F,S231F,NA,U,NA,U,UN,UN,/,/
G234D,G232D,B,NA,U,B,UN,UN,/,/
R240Q,R238Q,NA,N,N,N,0.000643 (A/Q),0.999357 (G/R),ALFA,rs2634197
A243V,A241V,D,NA,D,D,UN,UN,/,rs1291958011
G244R,G242R,B,D,D,B,0.00010 (A/R),0.99990 (G/G),ALFA,rs120074122
Y245H,Y243H,NA,U,N,N,0.00011 (C/H),0.99989 (T/Y),ALFA,rs370178721
Y245S,Y243S,NA,U,NA,U,UN,UN,/,/
W246C,W244C,B,NA,D,B,UN,UN,/,/
G247D,G245D,A,A,D,A,UN,UN,/,rs1590739350
G247S,G245S,A,D,U,A,0.00006 (A/S),0.99994 (G/G),ALFA,rs587779408
E248K,E246K,A,D,D,A,0.00005 (A/K),0.99993 (G/E),ALFA,rs200763423
E248Q,E246Q,B,NA,D,B,0.00002 (C/Q),0.99993 (G/E),ALFA,rs200763423
E248X,E246X,NA,NA,D,D,0.00000 (T/X),0.99993 (G/E),ALFA,rs200763423
S250R,S248R,D,A,U,A,0.002 (C/R),0.998 (A/S),ALFA,rs750779804
D253E,D251E,D,NA,D,D,UN,UN,/,/
D253H,D251H,A,D,D,A,0.00014 (C/H),0.99986 (G/D),ALFA,rs398123479
P255S,P253S,A,NA,D,A,UN,UN,/,/
L256P,L254P,NA,NA,U,U,0.00003 (C/P),0.99997 (T/L),ALFA,rs139882665
T258I,T256I,B,NA,D,B,UN,UN,/,/
T258P,T256P,NA,U,NA,U,UN,UN,/,rs794727251
E260X,E258X,NA,NA,D,D,UN,UN,/,/
L263X,L261X,NA,NA,D,D,0.000008 (A/X),0.999992 (T/L),ExAC,rs120074120
L266V,L264V,NA,NA,N,N,0.00005 (G/V),0.99995 (C/L),ALFA,rs200681698
A269V,A267V,NA,NA,U,U,0.00000 (T/V),1.00000 (C/A),ALFA,rs543834713
G270S,G268S,NA,U,U,U,0.00065 (A/S),0.99935 (G/G),ALFA,rs202244080
Y276H,Y274H,NA,U,NA,U,UN,UN,/,rs1554934427
G279E,G277E,NA,U,NA,U,UN,UN,/,rs727504168
D280A,D278A,D,NA,D,D,UN,UN,/,/
P282F,P280F,B,NA,D,B,UN,UN,/,/
P282T,P280T,NA,NA,U,U,0.00000 (A/T),1.00000 (C/P),ALFA,rs199955808
A283T,A281T,B,D,D,B,0.00000 (A/T),1.00000 (G/A),ALFA,rs752148586
H288D,H286D,NA,NA,N,N,0.000025 (G/D),0.999975 (C/H),ExAC,rs529881058
T290N,T288N,NA,NA,D,D,0.00000 (A/N),1.00000 (C/T),ALFA,rs376259993
R291H,R289H,U,U,U,U,0.002159 (A/H),0.997841 (G/R),ALFA,rs1803161
Q292K,Q290K,NA,D,NA,D,0.00000 (A/K),1.00000 (C/Q),ALFA,rs797044799
Q294K,Q292K,D,D,D,D,0.00000 (A/K),1.00000 (C/Q),ALFA,rs120074128
R296Q,R294Q,U,N,N,N,0.001911 (A/Q),0.998089 (G/R),ALFA,rs35824453
R296W,R294W,NA,U,D,D,0.00000 (T/W),1.00000 (C/R),ALFA,rs541061793
A297V,A295V,NA,NA,N,N,0.000098 (T/V),0.999902 (C/A),ALFA,rs150815128
V301I,V299I,NA,N,N,N,0.000347 (A/I),0.999653 (G/V),ALFA,rs2723669
A303T,A301T,NA,NA,N,N,0.00000 (A/T),1.00000 (G/A),ALFA,rs570353618
L304P,L302P,A,D,D,A,0.00013 (C/P),0.99987 (T/L),ALFA,rs120074124
V305M,V303M,NA,NA,N,N,0.00000 (A/M),1.00000 (G/V),ALFA,rs199873765
V312M,V310M,NA,U,NA,U,UN,UN,/,rs941413871
V314M,V312M,B,U,D,B,0.00000 (A/M),1.00000 (G/V),ALFA,rs1228068212
P313S,P311S,NA,NA,D,D,UN,UN,/,rs149991096
Y315H,Y313H,A,NA,D,A,UN,UN,/,/
Y315X,Y313X,NA,NA,D,D,UN,UN,/,/
V318E,V316E,NA,NA,D,D,0.000 (A/E),1.000 (T/V),HapMap,rs12575136
V318M,V316M,NA,D,NA,D,UN,UN,/,rs875989837
G319R,G317R,A,U,D,A,0.000008 (C/R),0.999992 (G/G),ExAC,rs757934797
N320D,N318D,U,U,D,D,0.000025 (G/D),0.999975 (A/N),ExAC,rs779927660
H321Y,H319Y,A,NA,D,A,UN,UN,/,/
T324I,T322I,U,N,N,N,0.000 (T/I),1.000 (C/T),HapMap,rs1050233
T324P,T322P,U,NA,U,U,UN,UN,/,/
P325A,P323A,B,D,D,B,0.00003 (G/A),0.99997 (C/P),ALFA,rs761308217
F329C,F327C,NA,U,NA,U,0.00000 (G/C),1.00000 (T/F),ALFA,rs886048446
P330A,P328A,NA,U,NA,U,UN,UN,/,rs1564924380
P331S,P329S,NA,U,D,D,0.000119 (T/S),0.999875 (C/P),ALFA,rs142476839
P332L,P330L,NA,U,D,D,0.000017 (T/L),0.999931 (C/P),ALFA,rs202081954
P332R,P330R,B,U,D,B,0.000026 (G/R),0.999931 (C/P),ALFA,rs202081954
G336S,G334S,NA,NA,U,U,0.000 (A/S),1.000 (G/G),ALFA,rs281860667
N337S,N335S,NA,U,NA,U,UN,UN,/,/
R341C,R339C,NA,U,D,D,0.00020 (T/C),0.99980 (C/R),ALFA,rs369841281
R341H,R339H,NA,NA,N,N,0.00000 (A/H),1.00000 (G/R),ALFA,rs200242334
R341P,R339P,NA,NA,N,N,0.00000 (C/P),1.00000 (G/R),ALFA,rs200242334
W342C,W340C,NA,U,D,D,UN,UN,/,rs281860668
L343P,L341P,D,NA,D,D,UN,UN,/,/
L343R,L341R,A,NA,NA,A,UN,UN,/,/
A346V,A344V,NA,U,U,U,0.00027 (T/V),0.99973 (C/A),ALFA,rs373508268
E352A,E350A,NA,U,NA,U,0.000008 (C/A),0.999992 (A/E),ExAC,rs771028947
E352D,E350D,NA,NA,N,N,0.00006 (T/D),0.99994 (G/E),ALFA,rs144408432
E352X,E350X,NA,NA,D,D,0.99997 (G/E),0.00003 (T/X),ALFA,rs201550531
P353L,P351L,NA,U,NA,U,UN,UN,/,/
A359D,A357D,B,D,D,B,UN,UN,/,rs797044800
A359V,A357V,NA,NA,U,U,UN,UN,/,/
R361C,R359C,NA,NA,D,D,0.00007 (T/C),0.99993 (C/R),ALFA,rs370198638
R361H,R359H,NA,U,N,N,0.00009 (A/H),0.99991 (G/R),ALFA,rs148892841
L363R,L361R,U,NA,NA,U,UN,UN,/,/
Y369C,Y367C,A,U,D,A,0.000000 (G/C),1.000000 (A/Y),ALFA,rs372287825
P373S,P371S,B,D,D,B,0.00000 (T/S),1.00000 (C/P),ALFA,rs1342372980
Y374F,Y372F,NA,NA,N,N,0.00000 (T/F),1.00000 (A/Y),ALFA,rs537295857
R378C,R376C,NA,NA,D,D,0.00000 (T/C),0.99995 (C/R),ALFA,rs369088417
R378H,R376H,D,U,D,D,0.00007 (A/H),0.99993 (G/R),ALFA,rs559088058
R378L,R376L,B,NA,D,B,UN,UN,/,/
L379F,L377F,NA,U,D,D,0.00011 (T/F),0.99989 (C/L),ALFA,rs371738717
S381F,S379F,NA,NA,D,D,UN,UN,/,/
S381P,S379P,B,NA,D,B,UN,UN,/,/
L382F,L380F,NA,D,D,D,UN,UN,/,rs281860666
M384I,M382I,A,D,D,A,0.00000 (A/I),1.00000 (G/M),ALFA,rs120074121
M384V,M382V,NA,NA,U,U,UN,UN,/,/
N385S,N383S,B,B,D,B,0.00005 (G/S),0.99995 (A/N),ALFA,rs120074123
N385K,N383K,NA,NA,D,D,UN,UN,/,/
C387R,C385R,A,NA,D,A,UN,UN,/,/
C387F,C385F,NA,NA,D,D,UN,UN,/,/
R389C,R387C,NA,U,U,U,0.00018 (T/C),0.99982 (C/R),ALFA,rs570674743
R389H,R387H,NA,U,NA,U,0.00009 (A/H),0.99991 (G/R),ALFA,rs750345585
N391H,N389H,A,NA,D,A,UN,UN,/,/
N391T,N389T,A,NA,D,A,UN,UN,/,/
W393G,W391G,B,D,D,B,0.000004 (G/G),0.999996 (T/W),gnomAD-E,rs120074125
W393R,W391R,D,NA,NA,D,UN,UN,/,/
T399A,T397A,NA,U,NA,U,UN,UN,/,rs886042824
V409G,V407G,NA,NA,U,U,0.000107 (G/G),0.999893 (T/V),ALFA,rs200838486
A415V,A413V,B,NA,D,B,0.000004 (T/V),0.999996 (C/A),gnomAD-E,rs1451199796
R418X,R416X,NA,NA,D,D,UN,UN,/,/
H423R,H421R,A,NA,D,A,0.00007 (G/R),0.99993 (A/H),ALFA,rs767492080
H423Y,H421Y,B,D,D,B,0.00000 (T/Y),1.00000 (C/H),ALFA,rs120074126
G426S,G424S,A,D,U,A,UN,UN,/,rs1554935136
H427R,H425R,B,U,D,B,0.00000 (G/R),1.00000 (A/H),ALFA,rs794727629
H427L,H425L,NA,U,NA,U,0.00000 (T/L),1.00000 (A/H),ALFA,rs794727629
P429L,P427L,NA,U,D,D,UN,UN,/,rs281860669
P430A,P428A,NA,NA,D,D,0.00000 (G/A),1.00000 (C/P),ALFA,rs140688153
P430S,P428S,NA,NA,U,U,0.00000 (T/S),1.00000 (C/P),ALFA,rs140688153
C433W,C431W,NA,D,D,D,0.00000 (G/W),1.00000 (T/C),ALFA,rs398123475
C433R,C431R,B,A,D,D,0.00000 (C/R),1.00000 (T/C),ALFA,rs779528546
L434P,L432P,B,NA,D,B,UN,UN,/,/
W437C,W435C,B,NA,D,B,UN,UN,/,/
W437R,W435R,NA,NA,D,D,UN,UN,/,rs281860670
S438R,S436R,B,B,D,B,0.000 (A/R),1.000 (C/S),ALFA,rs267607073
R443G,R441G,NA,NA,D,D,0.000010 (G/G),0.999990 (C/R),ALFA,rs120074127
R443L,R441L,NA,U,NA,U,0.00000 (T/L),0.99991 (G/R),ALFA,rs377609894
R443Q,R441Q,NA,NA,U,U,0.00009 (A/Q),0.99991 (G/R),ALFA,rs377609894
R443X,R441X,NA,NA,D,D,0.000000 (T/X),0.999990 (C/R),ALFA,rs120074127
I444N,I442N,NA,NA,D,D,UN,UN,/,/
A446G,A444G,NA,U,NA,U,0.00007 (G/G),0.99993 (C/A),ALFA,rs559092380
A446V,A444V,NA,NA,U,U,0.00000 (T/V),0.99993 (C/A),ALFA,rs559092380
R447K,R445K,NA,NA,D,D,UN,UN,/,/
Y448C,Y446C,A,A,D,A,0.00000 (G/C),1.00000 (A/Y),ALFA,rs747143343
E449Q,E447Q,NA,U,U,U,0.00000 (C/Q),1.00000 (G/E),ALFA,rs374018137
N450S,N448S,NA,NA,N,N,0.000004 (G/S),0.999996 (A/N),gnomAD-E,rs201953350
T451P,T449P,NA,NA,D,D,UN,UN,/,rs281865156
L452P,L450P,A,NA,D,A,UN,UN,/,/
A453D,A451D,B,NA,D,B,UN,UN,/,/
A454T,A452T,NA,U,NA,U,UN,UN,/,/
A454S,A452S,NA,NA,D,D,0.00000 (T/S),1.00000 (G/A),ALFA,rs144624998
A454V,A452V,B,U,D,B,0.00000 (T/V),1.00000 (C/A),ALFA,rs1402734026
G458D,G456D,B,NA,D,B,UN,UN,/,/
T460P,T458P,NA,U,D,D,UN,UN,/,rs794727705
H461P,H459P,NA,NA,D,D,0.00000 (C/P),1.00000 (A/H),ALFA,rs281860673
F465S,F463S,A,D,D,A,0.000004 (C/S),0.999996 (T/F),gnomAD-E ,rs1319643225
Y469S,Y467S,A,A,D,A,0.000 (C/S),1.000 (A/Y),ALFA,rs267607074
E472D,E470D,NA,NA,N,N,0.000008 (C/D),0.999992 (G/E),ExAC,rs531223061
R476Q,R474Q,U,D,U,D,0.00005 (A/Q),0.99995 (G/R),ALFA,rs763566905
R476W,R474W,D,D,D,D,0.00007 (T/W),0.99993 (C/R),ALFA,rs182812968
P477L,P475L,A,D,D,A,0.00007 (T/L),0.99993 (C/P),ALFA,rs753508874
P477T,P475T,NA,NA,D,D,UN,UN,/,/
F482L,F480L,B,NA,D,B,UN,UN,/,/
A484E,A482E,A,A,D,A,0.000 (A/E),1.000 (C/A),ALFA,rs267607075
A484V,A482V,NA,NA,D,D,0.000 (T/V),1.000 (C/A),ALFA,rs267607075
S486R,S484R,NA,D,D,D,0.00000 (G/R),1.00000 (T/S),ALFA,rs281860665
A487V,A485V,N,U,N,N,0.004219 (T/V),0.995781 (C/A),ALFA,rs141641266
T488A,T486A,B,NA,D,B,UN,UN,/,/
Y490N,Y488N,B,U,D,B,UN,UN,/,rs398123477
G492S,G490S,B,U,D,B,0.001655 (A/S),0.998345 (G/G),ALFA,rs144873307
L493F,L491F,NA,U,NA,U,0.00000 (T/F),1.00000 (C/L),ALFA,rs1345053174
N494I,N492I,D,NA,D,D,UN,UN,/,/
G496S,G494S,B,U,U,B,0.00000 (A/S),1.00000 (G/G),ALFA,rs1554935371
G496C,G494C,NA,NA,D,D,UN,UN,/,/
R498C,R496C,B,D,D,B,0.00006 (T/C),0.99994 (C/R),ALFA,rs769904764
R498H,R496H,A,D,D,A,0.00000 (A/H),0.99967 (G/R),ALFA,rs120074117
R498L,R496L,A,D,D,A,0.00033 (T/L),0.99967 (G/R),ALFA,rs120074117
Y500H,Y498H,NA,U,D,D,0.00000 (C/H),1.00000 (T/Y),ALFA,rs771336819
Y500N,Y498N,NA,A,NA,A,0.00000 (A/N),1.00000 (T/Y),ALFA,rs771336819
Y506C,Y504C,NA,U,NA,U,0.000008 (G/C),0.999992 (A/Y),gnomAD-E,rs774651673
S507F,S505F,NA,NA,D,D,0.00000 (T/F),1.00000 (C/S),ALFA,rs563263776
S507G,S505G,U,NA,NA,U,UN,UN,/,/
G508R,G506R,N,N,N,N,0.217169 (A/R),0.782831 (G/G),ALFA,rs1050239
S510F,S508F,U,U,D,D,0.00000 (T/F),1.00000 (C/S),ALFA,rs200652683
V512M,V510M,NA,N,N,N,0.000176 (A/M),0.999824 (G/V),ALFA,rs140806787
H516Q,H514Q,B,NA,D,B,UN,UN,/,/
H516R,H514R,NA,U,NA,U,0.00000 (G/R),1.00000 (A/H),ALFA,rs754979734
E517V,E515V,B,U,D,B,0.00384 (T/V),0.99616 (A/E),ALFA,rs142787001
Y519C,Y517C,A,U,D,A,0.00000 (G/C),1.00000 (A/Y),ALFA,rs371837210
Y519F,Y517F,NA,NA,N,N,0.00000 (T/F),1.00000 (A/Y),ALFA,rs371837210
I520L,I518L,B,NA,U,B,UN,UN,/,/
I520V,I518V,NA,NA,U,U,0.00000 (G/V),1.00000 (A/I),ALFA,rs571736560
L521R,L519R,NA,D,NA,D,UN,UN,/,rs1057517826
N522D,N520D,NA,NA,D,D,UN,UN,/,/
N522K,N520K,NA,U,NA,U,UN,UN,/,rs1554935517
N522S,N520S,B,NA,D,B,UN,UN,/,/
Q525H,Q523H,B,NA,D,B,UN,UN,/,/
G530A,G528A,NA,U,U,U,0.000218 (C/A),0.999782 (G/G),ALFA,rs35122256
P533L,P531L,NA,U,D,D,0.000327 (T/L),0.999673 (C/P),ALFA,rs199915216
W535R,W533R,D,A,D,A,UN,UN,/,rs1554935555
Y539H,Y537H,A,NA,D,A,UN,UN,/,/
R542Q,R540Q,NA,N,U,N,0.000617 (A/Q),0.999383 (G/R),ALFA,rs113467489
R542X,R540X,NA,NA,D,D,0.00000 (T/X),1.00000 (C/R),ALFA,rs398123478
N549K,N547K,B,NA,D,B,UN,UN,/,/
T550A,T548A,NA,NA,N,N,0.00000 (G/A),1.00000 (A/T),ALFA,rs373079063
L551P,L549P,B,NA,U,B,UN,UN,/,/
A554T,A552T,NA,U,NA,U,UN,UN,/,/
H556Y,H554Y,NA,NA,N,N,UN,UN,/,/
N557K,N555K,NA,NA,N,N,0.00000 (G/K),1.00000 (C/N),ALFA,rs140271880
L558P,L556P,NA,A,D,A,UN,UN,/,rs875989836
V559I,V557I,NA,U,N,N,0.000734 (A/I),0.999266 (G/V),ALFA,rs149939736
V559L,V557L,NA,U,U,U,0.000000 (C/L),0.999266 (G/V),ALFA,rs149939736
R561H,R559H,NA,NA,U,U,0.00004 (A/H),0.99996 (G/R),ALFA,rs546768091
D565N,D563N,NA,NA,N,N,0.00004 (A/N),0.99996 (G/D),ALFA,rs201127799
D565Y,D563Y,B,NA,D,B,UN,UN,/,/
M566I,M564I,NA,U,NA,U,UN,UN,/,/
Q570P,Q568P,NA,U,NA,U,0.00000 (C/P),1.00000 (A/Q),ALFA,rs750665692
Q570X,Q568X,NA,NA,D,D,0.0003 (T/X),0.9997 (C/Q),ALFA,rs35475253
F572L,F570L,A,NA,D,A,UN,UN,/,/
W573X,W571X,NA,NA,D,D,UN,UN,/,/
H577D,H575D,U,NA,U,U,UN,UN,/,/
H577R,H575R,NA,U,D,D,UN,UN,/,rs1554935669
H577L,H575L,NA,NA,U,U,UN,UN,/,/
K578N,K576N,B,D,N,U,0.000000 (C/N),0.999992 (G/K),ALFA,rs747342458
G579S,G577S,D,A,D,A,0.00000 (A/S),1.00000 (G/G),ALFA,rs120074119
P582S,P580S,NA,NA,N,N,0.00000 (T/S),1.00000 (C/P),ALFA,rs202192013
S583L,S581L,NA,NA,N,N,0.00000 (T/L),1.00000 (C/S),ALFA,rs373940701
T588M,T586M,NA,N,N,N,0.000710 (T/M),0.999290 (C/T),ALFA,rs35785620
R591C,R589C,NA,U,D,D,0.00006 (T/C),0.99994 (C/R),ALFA,rs375570126
R591H,R589H,NA,U,U,U,0.000074 (A/H),0.999926 (G/R),ALFA,rs189116118
C596Y,C594Y,NA,NA,D,D,UN,UN,/,/
Q598R,Q596R,B,U,D,B,UN,UN,/,rs1554935731
L599I,L597I,NA,NA,U,U,0.00011 (A/I),0.99989 (C/L),ALFA,rs138531908
L599F,L597F,U,U,U,U,0.00000 (T/F),0.99989 (C/L),ALFA,rs138531908
A601T,A599T,NA,U,NA,U,0.000004 (A/T),0.999996 (G/A),gnomAD-E,rs750433951
R602C,R600C,NA,U,NA,U,UN,UN,/,/
R602H,R600H,A,D,D,A,0.00008 (A/H),0.99992 (G/R),ALFA,rs370129081
R602P,R600P,B,NA,D,B,UN,UN,/,/
S605G,S603G,U,NA,NA,U,UN,UN,/,/
R610C,R608C,U,NA,U,U,0.00000 (T/C),1.00000 (C/R),ALFA,rs375915127
R610H,R608H,NA,NA,U,U,0.00000 (A/H),1.00000 (G/R),ALFA,rs140269316
R610L,R608L,NA,U,NA,U,0.00000 (T/L),1.00000 (G/R),ALFA,rs140269316
M613I,M611I,NA,N,N,N,0.00037 (A/I),0.99963 (G/M),ALFA,rs370828368
D615G,/,NA,U,NA,U,UN,UN,/,rs886043825
P619S,/,NA,NA,N,N,0.00000 (T/S),1.00000 (C/P),ALFA,rs534009149
P628S,/,NA,NA,N,N,0.000009 (T/S),0.999991 (C/P),ExAC,rs200332161
